label_column,text_column
1,Gyancity Journal of Engineering and Technology 
2, Vol4 No2 pp2937 July 2018 
3,ISSN24560065 DOI 1021058gjet201842004 
5,30
6, As per the report of The European Wind Energy Association EWEA the year 2008 in the EU was the chief year in 
7,which more breeze control was introduced than some other power creating innovation Fig2
8,Wind Energy 
9,Wind vitality is a changed over type of sunlight based vitality that is created by the atomic combination of 
10,hydrogen H into helium He in its core
11,The H  He dissolving process makes streams of warmth and 
12,electromagnetic radiation from the sun to space every which way
13,Albeit the Earth catches just a little division of sun
14,powered radiation it gives the more significant part of the Earths vitality needs
15,Wind vitality is a noteworthy 
16,wellspring of cuttingedge dynamism and a notable player in the worldwide vibrancy advertise
17,As a best in class 
18,vitality innovation the specialised development and quick organisation of wind vitality are perceived just like the 
19,absence of a down to earth furthest point of confinement for the level of wind that can be coordinated into the 
20,electrical framework 1
21,It has been assessed that the aggregate sun oriented vitality got by the Earth is around 18  
22,10 11 MW
23,Of this sun based info just 2 36  10 9 MW is changed over to wind vitality and around 35 of wind 
24,vitality scatters inside 1000 m of the Earths surface 2
25,Subsequently accessible breeze vitality that can be changed 
26,over into different types of energy is roughly 126  10 9 MW
27,Since this esteem speaks to 20 times the present rate of 
28,worldwide vitality utilisation wind vitality could on a fundamental level fulfil the everyday vitality needs of the 
29,world
30,Contrasted with familiar vitality sources wind vitality has numerous favourable circumstances and advantages
31,Not at all like petroleum derivatives that radiate explosive gases and atomic dynamism that creates radioactive waste 
32,wind vitality is a clean and naturally amicable wellspring of energy
33,As an endless and free wellspring of life it is 
34,accessible and plentiful in many parts of the world
35,Furthermore more widespread utilisation of wind vitality would 
36,help diminish the interest for nonrenewable energy sources which could be exhausted sooner or later in this century 
37,contingent upon their present usage
38,Moreover the cost per kWh of wind vitality is much lower than that of sun 
39,oriented energy 3
40,In this way as the most encouraging vitality source it is trusted that breeze vitality assumes an 
41,essential part in global vitality supply in the 21st century
42,Wind Energy Equation 
44,a Wind speed  
45,The measure of vitality in the breeze shifts with the solid shape of the breeze speed at the end of the 
46,day if the breeze speed copies there is eight times more vitality in the breeze  
47,Little 
48,varieties in wind speed mostly affect the measure of energy accessible in the breeze
49,b The density of the air  
50,The denser the sky the more vitality the turbine gets
51,The atmosphere is less thick at high altitude than adrift level and warm air is less compressed 
52,than chilly air
53,Every single other thing being equivalent turbines will deliver more power at bringing down 
54,heights and in places where average temperatures are colder
55,c The swept area of the turbine  
56,The bigger the region cleared the measure of the rotational part of the rotor the more noteworthy the 
57,power that the turbine can get from the breeze
58,Since the cleared territory is the place span of the rotor a little 
59,increment in edge length brings about a more significant increase in the accessible power for the turbine
60,Wind Turbines   
61,Wind turbines fabricate power to abuse the moderate intensity of the breeze to drive a generator
62,The breeze 
63,could be a clean and property supply of fuel it doesnt create discharges and itll neer run out since its interminably 
64,restored with the vitality of the sun
65,In some ways wind turbines zone unit the character advancement of old windmills 
66,anyway presently they here and there have three cutting edges that spin around a flat shape at the most elevated of a 
67,steel tower
68,One in all the chief usual and vogue turbine styles could be a metal pinnacle with a threesharp edge rotor 
69,appeared in Figure 3
70,Gyancity Journal of Engineering and Technology 
71, Vol4 No2 pp2937 July 2018 
72,ISSN24560065 DOI 1021058gjet201842004 
74,30
75, As per the report of The European Wind Energy Association EWEA the year 2008 in the EU was the chief year in 
76,which more breeze control was introduced than some other power creating innovation Fig2
77,Wind Energy 
78,Wind vitality is a changed over type of sunlight based vitality that is created by the atomic combination of 
79,hydrogen H into helium He in its core
80,The H  He dissolving process makes streams of warmth and 
81,electromagnetic radiation from the sun to space every which way
82,Albeit the Earth catches just a little division of sun
83,powered radiation it gives the more significant part of the Earths vitality needs
84,Wind vitality is a noteworthy 
85,wellspring of cuttingedge dynamism and a notable player in the worldwide vibrancy advertise
86,As a best in class 
87,vitality innovation the specialised development and quick organisation of wind vitality are perceived just like the 
88,absence of a down to earth furthest point of confinement for the level of wind that can be coordinated into the 
89,electrical framework 1
90,It has been assessed that the aggregate sun oriented vitality got by the Earth is around 18  
91,10 11 MW
92,Of this sun based info just 2 36  10 9 MW is changed over to wind vitality and around 35 of wind 
93,vitality scatters inside 1000 m of the Earths surface 2
94,Subsequently accessible breeze vitality that can be changed 
95,over into different types of energy is roughly 126  10 9 MW
96,Since this esteem speaks to 20 times the present rate of 
97,worldwide vitality utilisation wind vitality could on a fundamental level fulfil the everyday vitality needs of the 
98,world
99,Contrasted with familiar vitality sources wind vitality has numerous favourable circumstances and advantages
100,Not at all like petroleum derivatives that radiate explosive gases and atomic dynamism that creates radioactive waste 
101,wind vitality is a clean and naturally amicable wellspring of energy
102,As an endless and free wellspring of life it is 
103,accessible and plentiful in many parts of the world
104,Furthermore more widespread utilisation of wind vitality would 
105,help diminish the interest for nonrenewable energy sources which could be exhausted sooner or later in this century 
106,contingent upon their present usage
107,Moreover the cost per kWh of wind vitality is much lower than that of sun 
108,oriented energy 3
109,In this way as the most encouraging vitality source it is trusted that breeze vitality assumes an 
110,essential part in global vitality supply in the 21st century
111,Wind Energy Equation 
113,a Wind speed  
114,The measure of vitality in the breeze shifts with the solid shape of the breeze speed at the end of the 
115,day if the breeze speed copies there is eight times more vitality in the breeze  
116,Little 
117,varieties in wind speed mostly affect the measure of energy accessible in the breeze
118,b The density of the air  
119,The denser the sky the more vitality the turbine gets
120,The atmosphere is less thick at high altitude than adrift level and warm air is less compressed 
121,than chilly air
122,Every single other thing being equivalent turbines will deliver more power at bringing down 
123,heights and in places where average temperatures are colder
124,c The swept area of the turbine  
125,The bigger the region cleared the measure of the rotational part of the rotor the more noteworthy the 
126,power that the turbine can get from the breeze
127,Since the cleared territory is the place span of the rotor a little 
128,increment in edge length brings about a more significant increase in the accessible power for the turbine
129,Wind Turbines   
130,Wind turbines fabricate power to abuse the moderate intensity of the breeze to drive a generator
131,The breeze 
132,could be a clean and property supply of fuel it doesnt create discharges and itll neer run out since its interminably 
133,restored with the vitality of the sun
134,In some ways wind turbines zone unit the character advancement of old windmills 
135,anyway presently they here and there have three cutting edges that spin around a flat shape at the most elevated of a 
136,steel tower
137,One in all the chief usual and vogue turbine styles could be a metal pinnacle with a threesharp edge rotor 
138,appeared in Figure 3
139,Gyancity Journal of Engineering and Technology 
140, Vol4 No2 pp2937 July 2018 
141,ISSN24560065 DOI 1021058gjet201842004 
143,30
144, As per the report of The European Wind Energy Association EWEA the year 2008 in the EU was the chief year in 
145,which more breeze control was introduced than some other power creating innovation Fig2
146,Wind Energy 
147,Wind vitality is a changed over type of sunlight based vitality that is created by the atomic combination of 
148,hydrogen H into helium He in its core
149,The H  He dissolving process makes streams of warmth and 
150,electromagnetic radiation from the sun to space every which way
151,Albeit the Earth catches just a little division of sun
152,powered radiation it gives the more significant part of the Earths vitality needs
153,Wind vitality is a noteworthy 
154,wellspring of cuttingedge dynamism and a notable player in the worldwide vibrancy advertise
155,As a best in class 
156,vitality innovation the specialised development and quick organisation of wind vitality are perceived just like the 
157,absence of a down to earth furthest point of confinement for the level of wind that can be coordinated into the 
158,electrical framework 1
159,It has been assessed that the aggregate sun oriented vitality got by the Earth is around 18  
160,10 11 MW
161,Of this sun based info just 2 36  10 9 MW is changed over to wind vitality and around 35 of wind 
162,vitality scatters inside 1000 m of the Earths surface 2
163,Subsequently accessible breeze vitality that can be changed 
164,over into different types of energy is roughly 126  10 9 MW
165,Since this esteem speaks to 20 times the present rate of 
166,worldwide vitality utilisation wind vitality could on a fundamental level fulfil the everyday vitality needs of the 
167,world
168,Contrasted with familiar vitality sources wind vitality has numerous favourable circumstances and advantages
169,Not at all like petroleum derivatives that radiate explosive gases and atomic dynamism that creates radioactive waste 
170,wind vitality is a clean and naturally amicable wellspring of energy
171,As an endless and free wellspring of life it is 
172,accessible and plentiful in many parts of the world
173,Furthermore more widespread utilisation of wind vitality would 
174,help diminish the interest for nonrenewable energy sources which could be exhausted sooner or later in this century 
175,contingent upon their present usage
176,Moreover the cost per kWh of wind vitality is much lower than that of sun 
177,oriented energy 3
178,In this way as the most encouraging vitality source it is trusted that breeze vitality assumes an 
179,essential part in global vitality supply in the 21st century
180,Wind Energy Equation 
182,a Wind speed  
183,The measure of vitality in the breeze shifts with the solid shape of the breeze speed at the end of the 
184,day if the breeze speed copies there is eight times more vitality in the breeze  
185,Little 
186,varieties in wind speed mostly affect the measure of energy accessible in the breeze
187,b The density of the air  
188,The denser the sky the more vitality the turbine gets
189,The atmosphere is less thick at high altitude than adrift level and warm air is less compressed 
190,than chilly air
191,Every single other thing being equivalent turbines will deliver more power at bringing down 
192,heights and in places where average temperatures are colder
193,c The swept area of the turbine  
194,The bigger the region cleared the measure of the rotational part of the rotor the more noteworthy the 
195,power that the turbine can get from the breeze
196,Since the cleared territory is the place span of the rotor a little 
197,increment in edge length brings about a more significant increase in the accessible power for the turbine
198,Wind Turbines   
199,Wind turbines fabricate power to abuse the moderate intensity of the breeze to drive a generator
200,The breeze 
201,could be a clean and property supply of fuel it doesnt create discharges and itll neer run out since its interminably 
202,restored with the vitality of the sun
203,In some ways wind turbines zone unit the character advancement of old windmills 
204,anyway presently they here and there have three cutting edges that spin around a flat shape at the most elevated of a 
205,steel tower
206,One in all the chief usual and vogue turbine styles could be a metal pinnacle with a threesharp edge rotor 
207,appeared in Figure 3
208,Gyancity Journal of Engineering and Technology 
209, Vol4 No2 pp2937 July 2018 
210,ISSN24560065 DOI 1021058gjet201842004 
212,30
213, As per the report of The European Wind Energy Association EWEA the year 2008 in the EU was the chief year in 
214,which more breeze control was introduced than some other power creating innovation Fig2
215,Wind Energy 
216,Wind vitality is a changed over type of sunlight based vitality that is created by the atomic combination of 
217,hydrogen H into helium He in its core
218,The H  He dissolving process makes streams of warmth and 
219,electromagnetic radiation from the sun to space every which way
220,Albeit the Earth catches just a little division of sun
221,powered radiation it gives the more significant part of the Earths vitality needs
222,Wind vitality is a noteworthy 
223,wellspring of cuttingedge dynamism and a notable player in the worldwide vibrancy advertise
224,As a best in class 
225,vitality innovation the specialised development and quick organisation of wind vitality are perceived just like the 
226,absence of a down to earth furthest point of confinement for the level of wind that can be coordinated into the 
227,electrical framework 1
228,It has been assessed that the aggregate sun oriented vitality got by the Earth is around 18  
229,10 11 MW
230,Of this sun based info just 2 36  10 9 MW is changed over to wind vitality and around 35 of wind 
231,vitality scatters inside 1000 m of the Earths surface 2
232,Subsequently accessible breeze vitality that can be changed 
233,over into different types of energy is roughly 126  10 9 MW
234,Since this esteem speaks to 20 times the present rate of 
235,worldwide vitality utilisation wind vitality could on a fundamental level fulfil the everyday vitality needs of the 
236,world
237,Contrasted with familiar vitality sources wind vitality has numerous favourable circumstances and advantages
238,Not at all like petroleum derivatives that radiate explosive gases and atomic dynamism that creates radioactive waste 
239,wind vitality is a clean and naturally amicable wellspring of energy
240,As an endless and free wellspring of life it is 
241,accessible and plentiful in many parts of the world
242,Furthermore more widespread utilisation of wind vitality would 
243,help diminish the interest for nonrenewable energy sources which could be exhausted sooner or later in this century 
244,contingent upon their present usage
245,Moreover the cost per kWh of wind vitality is much lower than that of sun 
246,oriented energy 3
247,In this way as the most encouraging vitality source it is trusted that breeze vitality assumes an 
248,essential part in global vitality supply in the 21st century
249,Wind Energy Equation 
251,a Wind speed  
252,The measure of vitality in the breeze shifts with the solid shape of the breeze speed at the end of the 
253,day if the breeze speed copies there is eight times more vitality in the breeze  
254,Little 
255,varieties in wind speed mostly affect the measure of energy accessible in the breeze
256,b The density of the air  
257,The denser the sky the more vitality the turbine gets
258,The atmosphere is less thick at high altitude than adrift level and warm air is less compressed 
259,than chilly air
260,Every single other thing being equivalent turbines will deliver more power at bringing down 
261,heights and in places where average temperatures are colder
262,c The swept area of the turbine  
263,The bigger the region cleared the measure of the rotational part of the rotor the more noteworthy the 
264,power that the turbine can get from the breeze
265,Since the cleared territory is the place span of the rotor a little 
266,increment in edge length brings about a more significant increase in the accessible power for the turbine
267,Wind Turbines   
268,Wind turbines fabricate power to abuse the moderate intensity of the breeze to drive a generator
269,The breeze 
270,could be a clean and property supply of fuel it doesnt create discharges and itll neer run out since its interminably 
271,restored with the vitality of the sun
272,In some ways wind turbines zone unit the character advancement of old windmills 
273,anyway presently they here and there have three cutting edges that spin around a flat shape at the most elevated of a 
274,steel tower
275,One in all the chief usual and vogue turbine styles could be a metal pinnacle with a threesharp edge rotor 
276,appeared in Figure 3
277,Gyancity Journal of Engineering and Technology 
278, Vol4 No2 pp2937 July 2018 
279,ISSN24560065 DOI 1021058gjet201842004 
281,30
282, As per the report of The European Wind Energy Association EWEA the year 2008 in the EU was the chief year in 
283,which more breeze control was introduced than some other power creating innovation Fig2
284,Wind Energy 
285,Wind vitality is a changed over type of sunlight based vitality that is created by the atomic combination of 
286,hydrogen H into helium He in its core
287,The H  He dissolving process makes streams of warmth and 
288,electromagnetic radiation from the sun to space every which way
289,Albeit the Earth catches just a little division of sun
290,powered radiation it gives the more significant part of the Earths vitality needs
291,Wind vitality is a noteworthy 
292,wellspring of cuttingedge dynamism and a notable player in the worldwide vibrancy advertise
293,As a best in class 
294,vitality innovation the specialised development and quick organisation of wind vitality are perceived just like the 
295,absence of a down to earth furthest point of confinement for the level of wind that can be coordinated into the 
296,electrical framework 1
297,It has been assessed that the aggregate sun oriented vitality got by the Earth is around 18  
298,10 11 MW
299,Of this sun based info just 2 36  10 9 MW is changed over to wind vitality and around 35 of wind 
300,vitality scatters inside 1000 m of the Earths surface 2
301,Subsequently accessible breeze vitality that can be changed 
302,over into different types of energy is roughly 126  10 9 MW
303,Since this esteem speaks to 20 times the present rate of 
304,worldwide vitality utilisation wind vitality could on a fundamental level fulfil the everyday vitality needs of the 
305,world
306,Contrasted with familiar vitality sources wind vitality has numerous favourable circumstances and advantages
307,Not at all like petroleum derivatives that radiate explosive gases and atomic dynamism that creates radioactive waste 
308,wind vitality is a clean and naturally amicable wellspring of energy
309,As an endless and free wellspring of life it is 
310,accessible and plentiful in many parts of the world
311,Furthermore more widespread utilisation of wind vitality would 
312,help diminish the interest for nonrenewable energy sources which could be exhausted sooner or later in this century 
313,contingent upon their present usage
314,Moreover the cost per kWh of wind vitality is much lower than that of sun 
315,oriented energy 3
316,In this way as the most encouraging vitality source it is trusted that breeze vitality assumes an 
317,essential part in global vitality supply in the 21st century
318,Wind Energy Equation 
320,a Wind speed  
321,The measure of vitality in the breeze shifts with the solid shape of the breeze speed at the end of the 
322,day if the breeze speed copies there is eight times more vitality in the breeze  
323,Little 
324,varieties in wind speed mostly affect the measure of energy accessible in the breeze
325,b The density of the air  
326,The denser the sky the more vitality the turbine gets
327,The atmosphere is less thick at high altitude than adrift level and warm air is less compressed 
328,than chilly air
329,Every single other thing being equivalent turbines will deliver more power at bringing down 
330,heights and in places where average temperatures are colder
331,c The swept area of the turbine  
332,The bigger the region cleared the measure of the rotational part of the rotor the more noteworthy the 
333,power that the turbine can get from the breeze
334,Since the cleared territory is the place span of the rotor a little 
335,increment in edge length brings about a more significant increase in the accessible power for the turbine
336,Wind Turbines   
337,Wind turbines fabricate power to abuse the moderate intensity of the breeze to drive a generator
338,The breeze 
339,could be a clean and property supply of fuel it doesnt create discharges and itll neer run out since its interminably 
340,restored with the vitality of the sun
341,In some ways wind turbines zone unit the character advancement of old windmills 
342,anyway presently they here and there have three cutting edges that spin around a flat shape at the most elevated of a 
343,steel tower
344,One in all the chief usual and vogue turbine styles could be a metal pinnacle with a threesharp edge rotor 
345,appeared in Figure 3
346,Gyancity Journal of Engineering and Technology 
347, Vol4 No2 pp2937 July 2018 
348,ISSN24560065 DOI 1021058gjet201842004 
350,30
351, As per the report of The European Wind Energy Association EWEA the year 2008 in the EU was the chief year in 
352,which more breeze control was introduced than some other power creating innovation Fig2
353,Wind Energy 
354,Wind vitality is a changed over type of sunlight based vitality that is created by the atomic combination of 
355,hydrogen H into helium He in its core
356,The H  He dissolving process makes streams of warmth and 
357,electromagnetic radiation from the sun to space every which way
358,Albeit the Earth catches just a little division of sun
359,powered radiation it gives the more significant part of the Earths vitality needs
360,Wind vitality is a noteworthy 
361,wellspring of cuttingedge dynamism and a notable player in the worldwide vibrancy advertise
362,As a best in class 
363,vitality innovation the specialised development and quick organisation of wind vitality are perceived just like the 
364,absence of a down to earth furthest point of confinement for the level of wind that can be coordinated into the 
365,electrical framework 1
366,It has been assessed that the aggregate sun oriented vitality got by the Earth is around 18  
367,10 11 MW
368,Of this sun based info just 2 36  10 9 MW is changed over to wind vitality and around 35 of wind 
369,vitality scatters inside 1000 m of the Earths surface 2
370,Subsequently accessible breeze vitality that can be changed 
371,over into different types of energy is roughly 126  10 9 MW
372,Since this esteem speaks to 20 times the present rate of 
373,worldwide vitality utilisation wind vitality could on a fundamental level fulfil the everyday vitality needs of the 
374,world
375,Contrasted with familiar vitality sources wind vitality has numerous favourable circumstances and advantages
376,Not at all like petroleum derivatives that radiate explosive gases and atomic dynamism that creates radioactive waste 
377,wind vitality is a clean and naturally amicable wellspring of energy
378,As an endless and free wellspring of life it is 
379,accessible and plentiful in many parts of the world
380,Furthermore more widespread utilisation of wind vitality would 
381,help diminish the interest for nonrenewable energy sources which could be exhausted sooner or later in this century 
382,contingent upon their present usage
383,Moreover the cost per kWh of wind vitality is much lower than that of sun 
384,oriented energy 3
385,In this way as the most encouraging vitality source it is trusted that breeze vitality assumes an 
386,essential part in global vitality supply in the 21st century
387,Wind Energy Equation 
389,a Wind speed  
390,The measure of vitality in the breeze shifts with the solid shape of the breeze speed at the end of the 
391,day if the breeze speed copies there is eight times more vitality in the breeze  
392,Little 
393,varieties in wind speed mostly affect the measure of energy accessible in the breeze
394,b The density of the air  
395,The denser the sky the more vitality the turbine gets
396,The atmosphere is less thick at high altitude than adrift level and warm air is less compressed 
397,than chilly air
398,Every single other thing being equivalent turbines will deliver more power at bringing down 
399,heights and in places where average temperatures are colder
400,c The swept area of the turbine  
401,The bigger the region cleared the measure of the rotational part of the rotor the more noteworthy the 
402,power that the turbine can get from the breeze
403,Since the cleared territory is the place span of the rotor a little 
404,increment in edge length brings about a more significant increase in the accessible power for the turbine
405,Wind Turbines   
406,Wind turbines fabricate power to abuse the moderate intensity of the breeze to drive a generator
407,The breeze 
408,could be a clean and property supply of fuel it doesnt create discharges and itll neer run out since its interminably 
409,restored with the vitality of the sun
410,In some ways wind turbines zone unit the character advancement of old windmills 
411,anyway presently they here and there have three cutting edges that spin around a flat shape at the most elevated of a 
412,steel tower
413,One in all the chief usual and vogue turbine styles could be a metal pinnacle with a threesharp edge rotor 
414,appeared in Figure 3
415,Gyancity Journal of Engineering and Technology 
416, Vol4 No2 pp2937 July 2018 
417,ISSN24560065 DOI 1021058gjet201842004 
419,30
420, As per the report of The European Wind Energy Association EWEA the year 2008 in the EU was the chief year in 
421,which more breeze control was introduced than some other power creating innovation Fig2
422,Wind Energy 
423,Wind vitality is a changed over type of sunlight based vitality that is created by the atomic combination of 
424,hydrogen H into helium He in its core
425,The H  He dissolving process makes streams of warmth and 
426,electromagnetic radiation from the sun to space every which way
427,Albeit the Earth catches just a little division of sun
428,powered radiation it gives the more significant part of the Earths vitality needs
429,Wind vitality is a noteworthy 
430,wellspring of cuttingedge dynamism and a notable player in the worldwide vibrancy advertise
431,As a best in class 
432,vitality innovation the specialised development and quick organisation of wind vitality are perceived just like the 
433,absence of a down to earth furthest point of confinement for the level of wind that can be coordinated into the 
434,electrical framework 1
435,It has been assessed that the aggregate sun oriented vitality got by the Earth is around 18  
436,10 11 MW
437,Of this sun based info just 2 36  10 9 MW is changed over to wind vitality and around 35 of wind 
438,vitality scatters inside 1000 m of the Earths surface 2
439,Subsequently accessible breeze vitality that can be changed 
440,over into different types of energy is roughly 126  10 9 MW
441,Since this esteem speaks to 20 times the present rate of 
442,worldwide vitality utilisation wind vitality could on a fundamental level fulfil the everyday vitality needs of the 
443,world
444,Contrasted with familiar vitality sources wind vitality has numerous favourable circumstances and advantages
445,Not at all like petroleum derivatives that radiate explosive gases and atomic dynamism that creates radioactive waste 
446,wind vitality is a clean and naturally amicable wellspring of energy
447,As an endless and free wellspring of life it is 
448,accessible and plentiful in many parts of the world
449,Furthermore more widespread utilisation of wind vitality would 
450,help diminish the interest for nonrenewable energy sources which could be exhausted sooner or later in this century 
451,contingent upon their present usage
452,Moreover the cost per kWh of wind vitality is much lower than that of sun 
453,oriented energy 3
454,In this way as the most encouraging vitality source it is trusted that breeze vitality assumes an 
455,essential part in global vitality supply in the 21st century
456,Wind Energy Equation 
458,a Wind speed  
459,The measure of vitality in the breeze shifts with the solid shape of the breeze speed at the end of the 
460,day if the breeze speed copies there is eight times more vitality in the breeze  
461,Little 
462,varieties in wind speed mostly affect the measure of energy accessible in the breeze
463,b The density of the air  
464,The denser the sky the more vitality the turbine gets
465,The atmosphere is less thick at high altitude than adrift level and warm air is less compressed 
466,than chilly air
467,Every single other thing being equivalent turbines will deliver more power at bringing down 
468,heights and in places where average temperatures are colder
469,c The swept area of the turbine  
470,The bigger the region cleared the measure of the rotational part of the rotor the more noteworthy the 
471,power that the turbine can get from the breeze
472,Since the cleared territory is the place span of the rotor a little 
473,increment in edge length brings about a more significant increase in the accessible power for the turbine
474,Wind Turbines   
475,Wind turbines fabricate power to abuse the moderate intensity of the breeze to drive a generator
476,The breeze 
477,could be a clean and property supply of fuel it doesnt create discharges and itll neer run out since its interminably 
478,restored with the vitality of the sun
479,In some ways wind turbines zone unit the character advancement of old windmills 
480,anyway presently they here and there have three cutting edges that spin around a flat shape at the most elevated of a 
481,steel tower
482,One in all the chief usual and vogue turbine styles could be a metal pinnacle with a threesharp edge rotor 
483,appeared in Figure 3
484,Gyancity Journal of Engineering and Technology 
485, Vol4 No2 pp2937 July 2018 
486,ISSN24560065 DOI 1021058gjet201842004 
488,30
489, As per the report of The European Wind Energy Association EWEA the year 2008 in the EU was the chief year in 
490,which more breeze control was introduced than some other power creating innovation Fig2
491,Wind Energy 
492,Wind vitality is a changed over type of sunlight based vitality that is created by the atomic combination of 
493,hydrogen H into helium He in its core
494,The H  He dissolving process makes streams of warmth and 
495,electromagnetic radiation from the sun to space every which way
496,Albeit the Earth catches just a little division of sun
497,powered radiation it gives the more significant part of the Earths vitality needs
498,Wind vitality is a noteworthy 
499,wellspring of cuttingedge dynamism and a notable player in the worldwide vibrancy advertise
500,As a best in class 
501,vitality innovation the specialised development and quick organisation of wind vitality are perceived just like the 
502,absence of a down to earth furthest point of confinement for the level of wind that can be coordinated into the 
503,electrical framework 1
504,It has been assessed that the aggregate sun oriented vitality got by the Earth is around 18  
505,10 11 MW
506,Of this sun based info just 2 36  10 9 MW is changed over to wind vitality and around 35 of wind 
507,vitality scatters inside 1000 m of the Earths surface 2
508,Subsequently accessible breeze vitality that can be changed 
509,over into different types of energy is roughly 126  10 9 MW
510,Since this esteem speaks to 20 times the present rate of 
511,worldwide vitality utilisation wind vitality could on a fundamental level fulfil the everyday vitality needs of the 
512,world
513,Contrasted with familiar vitality sources wind vitality has numerous favourable circumstances and advantages
514,Not at all like petroleum derivatives that radiate explosive gases and atomic dynamism that creates radioactive waste 
515,wind vitality is a clean and naturally amicable wellspring of energy
516,As an endless and free wellspring of life it is 
517,accessible and plentiful in many parts of the world
518,Furthermore more widespread utilisation of wind vitality would 
519,help diminish the interest for nonrenewable energy sources which could be exhausted sooner or later in this century 
520,contingent upon their present usage
521,Moreover the cost per kWh of wind vitality is much lower than that of sun 
522,oriented energy 3
523,In this way as the most encouraging vitality source it is trusted that breeze vitality assumes an 
524,essential part in global vitality supply in the 21st century
525,Wind Energy Equation 
527,a Wind speed  
528,The measure of vitality in the breeze shifts with the solid shape of the breeze speed at the end of the 
529,day if the breeze speed copies there is eight times more vitality in the breeze  
530,Little 
531,varieties in wind speed mostly affect the measure of energy accessible in the breeze
532,b The density of the air  
533,The denser the sky the more vitality the turbine gets
534,The atmosphere is less thick at high altitude than adrift level and warm air is less compressed 
535,than chilly air
536,Every single other thing being equivalent turbines will deliver more power at bringing down 
537,heights and in places where average temperatures are colder
538,c The swept area of the turbine  
539,The bigger the region cleared the measure of the rotational part of the rotor the more noteworthy the 
540,power that the turbine can get from the breeze
541,Since the cleared territory is the place span of the rotor a little 
542,increment in edge length brings about a more significant increase in the accessible power for the turbine
543,Wind Turbines   
544,Wind turbines fabricate power to abuse the moderate intensity of the breeze to drive a generator
545,The breeze 
546,could be a clean and property supply of fuel it doesnt create discharges and itll neer run out since its interminably 
547,restored with the vitality of the sun
548,In some ways wind turbines zone unit the character advancement of old windmills 
549,anyway presently they here and there have three cutting edges that spin around a flat shape at the most elevated of a 
550,steel tower
551,One in all the chief usual and vogue turbine styles could be a metal pinnacle with a threesharp edge rotor 
552,appeared in Figure 3
553,Gyancity Journal of Engineering and Technology 
554, Vol4 No2 pp2937 July 2018 
555,ISSN24560065 DOI 1021058gjet201842004 
557,30
558, As per the report of The European Wind Energy Association EWEA the year 2008 in the EU was the chief year in 
559,which more breeze control was introduced than some other power creating innovation Fig2
560,Wind Energy 
561,Wind vitality is a changed over type of sunlight based vitality that is created by the atomic combination of 
562,hydrogen H into helium He in its core
563,The H  He dissolving process makes streams of warmth and 
564,electromagnetic radiation from the sun to space every which way
565,Albeit the Earth catches just a little division of sun
566,powered radiation it gives the more significant part of the Earths vitality needs
567,Wind vitality is a noteworthy 
568,wellspring of cuttingedge dynamism and a notable player in the worldwide vibrancy advertise
569,As a best in class 
570,vitality innovation the specialised development and quick organisation of wind vitality are perceived just like the 
571,absence of a down to earth furthest point of confinement for the level of wind that can be coordinated into the 
572,electrical framework 1
573,It has been assessed that the aggregate sun oriented vitality got by the Earth is around 18  
574,10 11 MW
575,Of this sun based info just 2 36  10 9 MW is changed over to wind vitality and around 35 of wind 
576,vitality scatters inside 1000 m of the Earths surface 2
577,Subsequently accessible breeze vitality that can be changed 
578,over into different types of energy is roughly 126  10 9 MW
579,Since this esteem speaks to 20 times the present rate of 
580,worldwide vitality utilisation wind vitality could on a fundamental level fulfil the everyday vitality needs of the 
581,world
582,Contrasted with familiar vitality sources wind vitality has numerous favourable circumstances and advantages
583,Not at all like petroleum derivatives that radiate explosive gases and atomic dynamism that creates radioactive waste 
584,wind vitality is a clean and naturally amicable wellspring of energy
585,As an endless and free wellspring of life it is 
586,accessible and plentiful in many parts of the world
587,Furthermore more widespread utilisation of wind vitality would 
588,help diminish the interest for nonrenewable energy sources which could be exhausted sooner or later in this century 
589,contingent upon their present usage
590,Moreover the cost per kWh of wind vitality is much lower than that of sun 
591,oriented energy 3
592,In this way as the most encouraging vitality source it is trusted that breeze vitality assumes an 
593,essential part in global vitality supply in the 21st century
594,Wind Energy Equation 
596,a Wind speed  
597,The measure of vitality in the breeze shifts with the solid shape of the breeze speed at the end of the 
598,day if the breeze speed copies there is eight times more vitality in the breeze  
599,Little 
600,varieties in wind speed mostly affect the measure of energy accessible in the breeze
601,b The density of the air  
602,The denser the sky the more vitality the turbine gets
603,The atmosphere is less thick at high altitude than adrift level and warm air is less compressed 
604,than chilly air
605,Every single other thing being equivalent turbines will deliver more power at bringing down 
606,heights and in places where average temperatures are colder
607,c The swept area of the turbine  
608,The bigger the region cleared the measure of the rotational part of the rotor the more noteworthy the 
609,power that the turbine can get from the breeze
610,Since the cleared territory is the place span of the rotor a little 
611,increment in edge length brings about a more significant increase in the accessible power for the turbine
612,Wind Turbines   
613,Wind turbines fabricate power to abuse the moderate intensity of the breeze to drive a generator
614,The breeze 
615,could be a clean and property supply of fuel it doesnt create discharges and itll neer run out since its interminably 
616,restored with the vitality of the sun
617,In some ways wind turbines zone unit the character advancement of old windmills 
618,anyway presently they here and there have three cutting edges that spin around a flat shape at the most elevated of a 
619,steel tower
620,One in all the chief usual and vogue turbine styles could be a metal pinnacle with a threesharp edge rotor 
621,appeared in Figure 3
622,Gyancity Journal of Engineering and Technology 
623, Vol4 No2 pp2937 July 2018 
624,ISSN24560065 DOI 1021058gjet201842004 
626,30
627, As per the report of The European Wind Energy Association EWEA the year 2008 in the EU was the chief year in 
628,which more breeze control was introduced than some other power creating innovation Fig2
629,Wind Energy 
630,Wind vitality is a changed over type of sunlight based vitality that is created by the atomic combination of 
631,hydrogen H into helium He in its core
632,The H  He dissolving process makes streams of warmth and 
633,electromagnetic radiation from the sun to space every which way
634,Albeit the Earth catches just a little division of sun
635,powered radiation it gives the more significant part of the Earths vitality needs
636,Wind vitality is a noteworthy 
637,wellspring of cuttingedge dynamism and a notable player in the worldwide vibrancy advertise
638,As a best in class 
639,vitality innovation the specialised development and quick organisation of wind vitality are perceived just like the 
640,absence of a down to earth furthest point of confinement for the level of wind that can be coordinated into the 
641,electrical framework 1
642,It has been assessed that the aggregate sun oriented vitality got by the Earth is around 18  
643,10 11 MW
644,Of this sun based info just 2 36  10 9 MW is changed over to wind vitality and around 35 of wind 
645,vitality scatters inside 1000 m of the Earths surface 2
646,Subsequently accessible breeze vitality that can be changed 
647,over into different types of energy is roughly 126  10 9 MW
648,Since this esteem speaks to 20 times the present rate of 
649,worldwide vitality utilisation wind vitality could on a fundamental level fulfil the everyday vitality needs of the 
650,world
651,Contrasted with familiar vitality sources wind vitality has numerous favourable circumstances and advantages
652,Not at all like petroleum derivatives that radiate explosive gases and atomic dynamism that creates radioactive waste 
653,wind vitality is a clean and naturally amicable wellspring of energy
654,As an endless and free wellspring of life it is 
655,accessible and plentiful in many parts of the world
656,Furthermore more widespread utilisation of wind vitality would 
657,help diminish the interest for nonrenewable energy sources which could be exhausted sooner or later in this century 
658,contingent upon their present usage
659,Moreover the cost per kWh of wind vitality is much lower than that of sun 
660,oriented energy 3
661,In this way as the most encouraging vitality source it is trusted that breeze vitality assumes an 
662,essential part in global vitality supply in the 21st century
663,Wind Energy Equation 
665,a Wind speed  
666,The measure of vitality in the breeze shifts with the solid shape of the breeze speed at the end of the 
667,day if the breeze speed copies there is eight times more vitality in the breeze  
668,Little 
669,varieties in wind speed mostly affect the measure of energy accessible in the breeze
670,b The density of the air  
671,The denser the sky the more vitality the turbine gets
672,The atmosphere is less thick at high altitude than adrift level and warm air is less compressed 
673,than chilly air
674,Every single other thing being equivalent turbines will deliver more power at bringing down 
675,heights and in places where average temperatures are colder
676,c The swept area of the turbine  
677,The bigger the region cleared the measure of the rotational part of the rotor the more noteworthy the 
678,power that the turbine can get from the breeze
679,Since the cleared territory is the place span of the rotor a little 
680,increment in edge length brings about a more significant increase in the accessible power for the turbine
681,Wind Turbines   
682,Wind turbines fabricate power to abuse the moderate intensity of the breeze to drive a generator
683,The breeze 
684,could be a clean and property supply of fuel it doesnt create discharges and itll neer run out since its interminably 
685,restored with the vitality of the sun
686,In some ways wind turbines zone unit the character advancement of old windmills 
687,anyway presently they here and there have three cutting edges that spin around a flat shape at the most elevated of a 
688,steel tower
689,One in all the chief usual and vogue turbine styles could be a metal pinnacle with a threesharp edge rotor 
